"seedKey","brand","model","bodyType","year","mileage","condition","status","originalPrice","originalVin","acquiredAt","color","dealershipKey","photoKey","image","fuel","sourceUrl","demo"
"base-001","Hyundai","Tucson","Turismo","2020","0","Nuevo","Disponible","$25.800","KM8SRDHF7FU123456","2021-01-16","(255. 0. 0)","madrid","","","Por verificar","https://docs.google.com/spreadsheets/d/1eWsdvriKPBOs1JXID0gz8jhIuXKaK5XcUQdjbqcpVhI/edit","true"
"base-002","Cadillac","Escalade","Turismo","2018","40000","Usado","Disponible","$48.500","1GYS4JKJ6HR123456","2021-01-16","(0. 255. 0)","barcelona","","","Por verificar","https://docs.google.com/spreadsheets/d/1eWsdvriKPBOs1JXID0gz8jhIuXKaK5XcUQdjbqcpVhI/edit","true"
"base-003","Hyundai","Tucson","Turismo","2020","0","Nuevo","Disponible","$25.800","KM8SRDHF7FU1234","2021-01-16","(0. 0. 255)","san-sebastian","","","Por verificar","https://docs.google.com/spreadsheets/d/1eWsdvriKPBOs1JXID0gz8jhIuXKaK5XcUQdjbqcpVhI/edit","true"
"base-004","Toyota","Sienna","Turismo","2014","70000","Usado","Reservado","$19.500","5TDZARFH2ES123456","2021-02-02","(255. 255. 0)","malaga","","","Por verificar","https://docs.google.com/spreadsheets/d/1eWsdvriKPBOs1JXID0gz8jhIuXKaK5XcUQdjbqcpVhI/edit","true"
"base-005","Toyota","Sienna","Turismo","2014","70000","Usado","Reservado","$19.500","5TDZARFH2ES123256","2021-02-02","(255. 0. 255)","madrid","","","Por verificar","https://docs.google.com/spreadsheets/d/1eWsdvriKPBOs1JXID0gz8jhIuXKaK5XcUQdjbqcpVhI/edit","true"
"base-006","GMC","Terrain","Turismo","2016","60000","Usado","Disponible","$21.700","2GKALSEK7G6123456","2021-03-21","(0. 255. 255)","barcelona","","","Por verificar","https://docs.google.com/spreadsheets/d/1eWsdvriKPBOs1JXID0gz8jhIuXKaK5XcUQdjbqcpVhI/edit","true"
"base-007","GMC","Terrain","Turismo","2016","60000","Usado","Disponible","$21.700","2GKALSCK7G6123456","2021-03-21","(128. 0. 0)","san-sebastian","","","Por verificar","https://docs.google.com/spreadsheets/d/1eWsdvriKPBOs1JXID0gz8jhIuXKaK5XcUQdjbqcpVhI/edit","true"
"base-008","Honda","Accord","Turismo","2015","50000","Usado","Disponible","$18.200","1HGCR2F34FA123456","2021-04-09","(0. 128. 0)","malaga","","","Por verificar","https://docs.google.com/spreadsheets/d/1eWsdvriKPBOs1JXID0gz8jhIuXKaK5XcUQdjbqcpVhI/edit","true"
"base-009","Honda","Accord","Turismo","2015","50000","Usado","Disponible","$18.200","1HGCR2F3NVV123456","2021-04-09","(0. 0. 128)","madrid","","","Por verificar","https://docs.google.com/spreadsheets/d/1eWsdvriKPBOs1JXID0gz8jhIuXKaK5XcUQdjbqcpVhI/edit","true"
"base-010","Chevrolet","Traverse","Turismo","2013","80000","Usado","Vendido","$16.500","1GNKVJKD0DJ123456","2021-05-27","(128. 128. 0)","barcelona","","","Por verificar","https://docs.google.com/spreadsheets/d/1eWsdvriKPBOs1JXID0gz8jhIuXKaK5XcUQdjbqcpVhI/edit","true"
"base-011","Chevrolet","Traverse","Turismo","2013","80000","Usado","Vendido","$16.500","1GNKVJKD0123456","2021-05-27","(128. 0. 128)","san-sebastian","","","Por verificar","https://docs.google.com/spreadsheets/d/1eWsdvriKPBOs1JXID0gz8jhIuXKaK5XcUQdjbqcpVhI/edit","true"
"base-012","Ford","Escape","Turismo","2014","40000","Usado","Disponible","$14.700","1FMCU0G94EUC12345","2021-06-14","(0. 128. 128)","malaga","","","Por verificar","https://docs.google.com/spreadsheets/d/1eWsdvriKPBOs1JXID0gz8jhIuXKaK5XcUQdjbqcpVhI/edit","true"
"base-013","Ford","Escape","Turismo","2014","40000","Usado","Disponible","$14.700","1FVMU0G94EUC12345","2021-06-14","(255. 128. 0)","madrid","","","Por verificar","https://docs.google.com/spreadsheets/d/1eWsdvriKPBOs1JXID0gz8jhIuXKaK5XcUQdjbqcpVhI/edit","true"
"base-014","Hyundai","Elantra","Turismo","2018","55000","Usado","Disponible","$16.000","5NPD84LF2JH123456","2021-07-03","(255. 0. 128)","barcelona","","","Por verificar","https://docs.google.com/spreadsheets/d/1eWsdvriKPBOs1JXID0gz8jhIuXKaK5XcUQdjbqcpVhI/edit","true"
"base-015","Hyundai","Elantra","Turismo","2018","55000","Usado","Disponible","$16.000","5NMV84LF2JH123456","2021-07-03","(128. 255. 0)","san-sebastian","","","Por verificar","https://docs.google.com/spreadsheets/d/1eWsdvriKPBOs1JXID0gz8jhIuXKaK5XcUQdjbqcpVhI/edit","true"
"base-016","Hyundai","Elantra","Turismo","2018","55000","Usado","Disponible","$16.000","584LF2NVMJH123456","2021-07-03","(0. 255. 128)","malaga","","","Por verificar","https://docs.google.com/spreadsheets/d/1eWsdvriKPBOs1JXID0gz8jhIuXKaK5XcUQdjbqcpVhI/edit","true"
"base-017","Honda","CR-V","Turismo","2016","45000","Usado","Reservado","$19.300","2HKRM3H70GH123456","2021-08-19","(128. 0. 255)","madrid","","","Por verificar","https://docs.google.com/spreadsheets/d/1eWsdvriKPBOs1JXID0gz8jhIuXKaK5XcUQdjbqcpVhI/edit","true"
"base-018","Jeep","Cherokee","Turismo","2015","30000","Usado","Disponible","$17.800","1C4PJLDS3FW123456","2021-09-05","(0. 128. 255)","barcelona","","","Por verificar","https://docs.google.com/spreadsheets/d/1eWsdvriKPBOs1JXID0gz8jhIuXKaK5XcUQdjbqcpVhI/edit","true"
"base-019","Honda","Accord","Turismo","2009","90000","Usado","Disponible","$8.900","1HGCP26369A123456","2021-10-23","(255. 128. 128)","san-sebastian","","","Por verificar","https://docs.google.com/spreadsheets/d/1eWsdvriKPBOs1JXID0gz8jhIuXKaK5XcUQdjbqcpVhI/edit","true"
"base-020","Toyota","RAV4","Turismo","2011","70000","Usado","Reservado","$12.500","2T3BF4DV0BW123456","2021-11-11","(128. 255. 128)","malaga","","","Por verificar","https://docs.google.com/spreadsheets/d/1eWsdvriKPBOs1JXID0gz8jhIuXKaK5XcUQdjbqcpVhI/edit","true"
"base-021","Ford","Explorer","Turismo","2003","85000","Usado","Disponible","$6.800","1FMZU73K53UA12345","2021-12-30","(128. 128. 255)","madrid","","","Por verificar","https://docs.google.com/spreadsheets/d/1eWsdvriKPBOs1JXID0gz8jhIuXKaK5XcUQdjbqcpVhI/edit","true"
"base-022","BMW","5 Series","Turismo","2018","25000","Usado","Disponible","$32.000","WBA5A5C54FD123456","2022-01-16","(192. 0. 0)","barcelona","","","Por verificar","https://docs.google.com/spreadsheets/d/1eWsdvriKPBOs1JXID0gz8jhIuXKaK5XcUQdjbqcpVhI/edit","true"
"base-023","BMW","5 Series","Turismo","2018","25000","Usado","Disponible","$32.000","WBA5A5C54PD123456","2022-01-16","(0. 192. 0)","san-sebastian","","","Por verificar","https://docs.google.com/spreadsheets/d/1eWsdvriKPBOs1JXID0gz8jhIuXKaK5XcUQdjbqcpVhI/edit","true"
"base-024","Lincoln","MKC","Turismo","2015","65000","Usado","Reservado","$18.200","5LMCJ2D96FUJ12345","2022-02-02","(0. 0. 192)","malaga","","","Por verificar","https://docs.google.com/spreadsheets/d/1eWsdvriKPBOs1JXID0gz8jhIuXKaK5XcUQdjbqcpVhI/edit","true"
"base-025","Lincoln","MKC","Turismo","2015","65000","Usado","Reservado","$18.200","5LMCJ2D96FRJ12345","2022-02-02","(192. 192. 0)","madrid","","","Por verificar","https://docs.google.com/spreadsheets/d/1eWsdvriKPBOs1JXID0gz8jhIuXKaK5XcUQdjbqcpVhI/edit","true"
"base-026","Ford","Focus","Turismo","2017","30000","Usado","Disponible","$12.300","1FADP3J20HL123456","2022-03-21","(192. 0. 192)","barcelona","","","Por verificar","https://docs.google.com/spreadsheets/d/1eWsdvriKPBOs1JXID0gz8jhIuXKaK5XcUQdjbqcpVhI/edit","true"
"base-027","Ford","Focus","Turismo","2017","30000","Usado","Disponible","$12.300","1FADP3J20UL123456","2022-03-21","(0. 192. 192)","san-sebastian","","","Por verificar","https://docs.google.com/spreadsheets/d/1eWsdvriKPBOs1JXID0gz8jhIuXKaK5XcUQdjbqcpVhI/edit","true"
"base-028","Chevrolet","Equinox","Turismo","2020","0","Nuevo","Disponible","$27.500","2GNAXUEV9K1234567","2022-04-09","(255. 192. 0)","malaga","","","Por verificar","https://docs.google.com/spreadsheets/d/1eWsdvriKPBOs1JXID0gz8jhIuXKaK5XcUQdjbqcpVhI/edit","true"
"base-029","Chevrolet","Equinox","Turismo","2020","0","Nuevo","Disponible","$27.500","2GNAXUEV9LC1234567","2022-04-09","(255. 0. 192)","madrid","","","Por verificar","https://docs.google.com/spreadsheets/d/1eWsdvriKPBOs1JXID0gz8jhIuXKaK5XcUQdjbqcpVhI/edit","true"
"base-030","Audi","Q5","Turismo","2014","55000","Usado","Reservado","$21.000","WAUZZZ8V6EA123456","2022-05-27","(192. 255. 0)","barcelona","audi-q5","/images/vehicles/audi-q5.jpg","Por verificar","https://commons.wikimedia.org/wiki/File:2018_Audi_Q5_S_Line_TDi_Quattro_S-A_2.0_Front.jpg","true"
"base-031","Audi","Q5","Turismo","2014","55000","Usado","Reservado","$21.000","WAUZZZ8V6AJA123456","2022-05-27","(0. 255. 192)","san-sebastian","audi-q5","/images/vehicles/audi-q5.jpg","Por verificar","https://commons.wikimedia.org/wiki/File:2018_Audi_Q5_S_Line_TDi_Quattro_S-A_2.0_Front.jpg","true"
"base-032","Toyota","4Runner","Turismo","2016","40000","Usado","Disponible","$29.500","JTEBU5JR8G1234567","2022-06-14","(192. 0. 255)","malaga","","","Por verificar","https://docs.google.com/spreadsheets/d/1eWsdvriKPBOs1JXID0gz8jhIuXKaK5XcUQdjbqcpVhI/edit","true"
"base-033","Toyota","4Runner","Turismo","2016","40000","Usado","Disponible","$29.500","JTEBIFA5JR8G1234567","2022-06-14","(0. 192. 255)","madrid","","","Por verificar","https://docs.google.com/spreadsheets/d/1eWsdvriKPBOs1JXID0gz8jhIuXKaK5XcUQdjbqcpVhI/edit","true"
"base-034","Honda","Accord","Turismo","2014","70000","Usado","Disponible","$15.800","1HGCV1F3XEA123456","2022-07-03","(255. 192. 192)","barcelona","","","Por verificar","https://docs.google.com/spreadsheets/d/1eWsdvriKPBOs1JXID0gz8jhIuXKaK5XcUQdjbqcpVhI/edit","true"
"base-035","Honda","Accord","Turismo","2014","70000","Usado","Disponible","$15.800","1HGCV1F3CVA123456","2022-07-03","(192. 255. 192)","san-sebastian","","","Por verificar","https://docs.google.com/spreadsheets/d/1eWsdvriKPBOs1JXID0gz8jhIuXKaK5XcUQdjbqcpVhI/edit","true"
"base-036","Honda","HR-V","Turismo","2016","45000","Usado","Vendido","$17.000","5J6RM4H71GL123456","2022-08-19","(192. 192. 255)","malaga","","","Por verificar","https://docs.google.com/spreadsheets/d/1eWsdvriKPBOs1JXID0gz8jhIuXKaK5XcUQdjbqcpVhI/edit","true"
"base-037","Honda","HR-V","Turismo","2016","45000","Usado","Vendido","$17.000","5J6RJCV4H71GL123456","2022-08-19","(64. 0. 0)","madrid","","","Por verificar","https://docs.google.com/spreadsheets/d/1eWsdvriKPBOs1JXID0gz8jhIuXKaK5XcUQdjbqcpVhI/edit","true"
"base-038","Ram","2500","Turismo","2010","80000","Usado","Disponible","$24.000","3D73Y4CL5AG123456","2022-09-05","(0. 64. 0)","barcelona","","","Por verificar","https://docs.google.com/spreadsheets/d/1eWsdvriKPBOs1JXID0gz8jhIuXKaK5XcUQdjbqcpVhI/edit","true"
"base-039","Ram","2500","Turismo","2010","80000","Usado","Disponible","$24.000","3D73Y4CL5VKJG123456","2022-09-05","(0. 0. 64)","san-sebastian","","","Por verificar","https://docs.google.com/spreadsheets/d/1eWsdvriKPBOs1JXID0gz8jhIuXKaK5XcUQdjbqcpVhI/edit","true"
"base-040","Acura","RDX","Turismo","2012","60000","Usado","Reservado","$19.500","2HNYD2H22CH123456","2022-10-23","(64. 64. 0)","malaga","","","Por verificar","https://docs.google.com/spreadsheets/d/1eWsdvriKPBOs1JXID0gz8jhIuXKaK5XcUQdjbqcpVhI/edit","true"
"base-041","Acura","RDX","Turismo","2012","60000","Usado","Reservado","$19.500","2HNYD2H22VKLMH123456","2022-10-23","(64. 0. 64)","madrid","","","Por verificar","https://docs.google.com/spreadsheets/d/1eWsdvriKPBOs1JXID0gz8jhIuXKaK5XcUQdjbqcpVhI/edit","true"
"base-042","Ford","Shelby GT500","Turismo","2014","25000","Usado","Disponible","$41.000","1ZVBP8AM9E5323456","2022-11-11","(0. 64. 64)","barcelona","","","Por verificar","https://docs.google.com/spreadsheets/d/1eWsdvriKPBOs1JXID0gz8jhIuXKaK5XcUQdjbqcpVhI/edit","true"
"base-043","Ford","Shelby GT500","Turismo","2014","25000","Usado","Disponible","$41.000","1ZVBP8AMCVJ5323456","2022-11-11","(255. 64. 0)","san-sebastian","","","Por verificar","https://docs.google.com/spreadsheets/d/1eWsdvriKPBOs1JXID0gz8jhIuXKaK5XcUQdjbqcpVhI/edit","true"
"base-044","Toyota","Highlander","Turismo","2012","70000","Usado","Disponible","$20.700","5TDBK3EHXCS123456","2022-12-30","(255. 0. 64)","malaga","","","Por verificar","https://docs.google.com/spreadsheets/d/1eWsdvriKPBOs1JXID0gz8jhIuXKaK5XcUQdjbqcpVhI/edit","true"
"base-045","Toyota","Highlander","Turismo","2012","70000","Usado","Disponible","$20.700","5TDBK3VKMXCS123456","2022-12-30","(64. 255. 0)","madrid","","","Por verificar","https://docs.google.com/spreadsheets/d/1eWsdvriKPBOs1JXID0gz8jhIuXKaK5XcUQdjbqcpVhI/edit","true"
"base-046","GMC","Terrain","Turismo","2014","55000","Usado","Reservado","$18.000","2GKALSEK5E6123456","2023-01-16","(0. 255. 64)","barcelona","","","Por verificar","https://docs.google.com/spreadsheets/d/1eWsdvriKPBOs1JXID0gz8jhIuXKaK5XcUQdjbqcpVhI/edit","true"
"base-047","GMC","Terrain","Turismo","2014","55000","Usado","Reservado","$18.000","2GKKCLSEK5E6123456","2023-01-16","(64. 0. 255)","san-sebastian","","","Por verificar","https://docs.google.com/spreadsheets/d/1eWsdvriKPBOs1JXID0gz8jhIuXKaK5XcUQdjbqcpVhI/edit","true"
"base-048","Honda","Civic","Turismo","2014","35000","Usado","Disponible","$14.200","1HGCR2F38EA123456","2023-02-02","(0. 64. 255)","malaga","","","Por verificar","https://docs.google.com/spreadsheets/d/1eWsdvriKPBOs1JXID0gz8jhIuXKaK5XcUQdjbqcpVhI/edit","true"
"base-049","Honda","Civic","Turismo","2014","35000","Usado","Disponible","$14.200","1HGCR2F38MBVA123456","2023-02-02","(255. 64. 64)","madrid","","","Por verificar","https://docs.google.com/spreadsheets/d/1eWsdvriKPBOs1JXID0gz8jhIuXKaK5XcUQdjbqcpVhI/edit","true"
"base-050","Lincoln","MKZ","Turismo","2014","40000","Usado","Disponible","$16.500","3LN6L2G99ER123456","2023-03-21","(64. 255. 64)","barcelona","","","Por verificar","https://docs.google.com/spreadsheets/d/1eWsdvriKPBOs1JXID0gz8jhIuXKaK5XcUQdjbqcpVhI/edit","true"
"base-051","Lincoln","MKZ","Turismo","2014","40000","Usado","Disponible","$16.500","3LN6L2G99NVBB123456","2023-03-21","(64. 64. 255)","san-sebastian","","","Por verificar","https://docs.google.com/spreadsheets/d/1eWsdvriKPBOs1JXID0gz8jhIuXKaK5XcUQdjbqcpVhI/edit","true"
"base-052","Nissan","Rogue","Turismo","2015","50000","Usado","Disponible","$18.900","5N1AT2MTXFC123456","2023-04-09","(128. 64. 0)","malaga","","","Por verificar","https://docs.google.com/spreadsheets/d/1eWsdvriKPBOs1JXID0gz8jhIuXKaK5XcUQdjbqcpVhI/edit","true"
"base-053","Nissan","Rogue","Turismo","2015","50000","Usado","Disponible","$18.900","5N1AT2MTXC123456","2023-04-09","(128. 0. 64)","madrid","","","Por verificar","https://docs.google.com/spreadsheets/d/1eWsdvriKPBOs1JXID0gz8jhIuXKaK5XcUQdjbqcpVhI/edit","true"
"base-054","GMC","Yukon","Turismo","2016","65000","Usado","Reservado","$33.500","1GKS2HKJ1GR123456","2023-05-27","(0. 128. 64)","barcelona","","","Por verificar","https://docs.google.com/spreadsheets/d/1eWsdvriKPBOs1JXID0gz8jhIuXKaK5XcUQdjbqcpVhI/edit","true"
"base-055","GMC","Yukon","Turismo","2016","65000","Usado","Reservado","$33.500","1GKS2HKJ1R123456","2023-05-27","(64. 128. 0)","san-sebastian","","","Por verificar","https://docs.google.com/spreadsheets/d/1eWsdvriKPBOs1JXID0gz8jhIuXKaK5XcUQdjbqcpVhI/edit","true"
"base-056","Dodge","Challenger","Turismo","2012","80000","Usado","Disponible","$23.000","2C3CDZAG8CH123456","2023-06-14","(64. 0. 128)","malaga","","","Por verificar","https://docs.google.com/spreadsheets/d/1eWsdvriKPBOs1JXID0gz8jhIuXKaK5XcUQdjbqcpVhI/edit","true"
"base-057","Dodge","Challenger","Turismo","2012","80000","Usado","Disponible","$23.000","2C3CDZAG8C123456","2023-06-14","(0. 64. 128)","madrid","","","Por verificar","https://docs.google.com/spreadsheets/d/1eWsdvriKPBOs1JXID0gz8jhIuXKaK5XcUQdjbqcpVhI/edit","true"
"base-058","Toyota","Prius","Turismo","2018","30000","Usado","Disponible","$17.800","JTNB11HK6JH123456","2023-07-03","(192. 64. 0)","barcelona","","","Por verificar","https://docs.google.com/spreadsheets/d/1eWsdvriKPBOs1JXID0gz8jhIuXKaK5XcUQdjbqcpVhI/edit","true"
"base-059","Toyota","Prius","Turismo","2018","30000","Usado","Disponible","$17.800","JTNB11HK6H123456","2023-07-03","(192. 0. 64)","san-sebastian","","","Por verificar","https://docs.google.com/spreadsheets/d/1eWsdvriKPBOs1JXID0gz8jhIuXKaK5XcUQdjbqcpVhI/edit","true"
"base-060","Acura","MDX","Turismo","2016","55000","Usado","Disponible","$22.500","JH4DC53014C012345","2023-08-12","(0. 192. 64)","malaga","","","Por verificar","https://docs.google.com/spreadsheets/d/1eWsdvriKPBOs1JXID0gz8jhIuXKaK5XcUQdjbqcpVhI/edit","true"
"base-061","Hyundai","Santa Fe","Turismo","2016","55000","Usado","Vendido","$20.500","5XYZU3LB6GG123456","2023-08-19","(64. 192. 0)","madrid","","","Por verificar","https://docs.google.com/spreadsheets/d/1eWsdvriKPBOs1JXID0gz8jhIuXKaK5XcUQdjbqcpVhI/edit","true"
"base-062","Hyundai","Santa Fe","Turismo","2016","55000","Usado","Vendido","$20.500","5XYZU3LB6G123456","2023-08-19","(64. 0. 192)","barcelona","","","Por verificar","https://docs.google.com/spreadsheets/d/1eWsdvriKPBOs1JXID0gz8jhIuXKaK5XcUQdjbqcpVhI/edit","true"
"base-063","Hyundai","Elantra","Turismo","2019","30000","Usado","Reservado","$13.200","5NPD84LF6JH123456","2023-09-02","(0. 64. 192)","san-sebastian","","","Por verificar","https://docs.google.com/spreadsheets/d/1eWsdvriKPBOs1JXID0gz8jhIuXKaK5XcUQdjbqcpVhI/edit","true"
"base-064","Ford","F-150","Turismo","2014","45000","Usado","Disponible","$27.000","1FTFW1ET9EFD12345","2023-09-05","(255. 128. 64)","malaga","","","Por verificar","https://docs.google.com/spreadsheets/d/1eWsdvriKPBOs1JXID0gz8jhIuXKaK5XcUQdjbqcpVhI/edit","true"
"base-065","Ford","F-150","Turismo","2014","45000","Usado","Disponible","$27.000","1FTFW1ET9D12345","2023-09-05","(255. 64. 128)","madrid","","","Por verificar","https://docs.google.com/spreadsheets/d/1eWsdvriKPBOs1JXID0gz8jhIuXKaK5XcUQdjbqcpVhI/edit","true"
"base-066","Ford","Mustang","Turismo","2003","90000","Usado","Disponible","$8.500","1FAFP48Y83F301234","2023-10-17","(128. 255. 64)","barcelona","","","Por verificar","https://docs.google.com/spreadsheets/d/1eWsdvriKPBOs1JXID0gz8jhIuXKaK5XcUQdjbqcpVhI/edit","true"
"base-067","Toyota","Highlander","Turismo","2015","40000","Usado","Disponible","$23.500","5TDBK3EH9CS123456","2023-10-23","(64. 255. 128)","san-sebastian","","","Por verificar","https://docs.google.com/spreadsheets/d/1eWsdvriKPBOs1JXID0gz8jhIuXKaK5XcUQdjbqcpVhI/edit","true"
"base-068","Toyota","Highlander","Turismo","2015","40000","Usado","Disponible","$23.500","5TDBK39CS123456","2023-10-23","(128. 64. 255)","malaga","","","Por verificar","https://docs.google.com/spreadsheets/d/1eWsdvriKPBOs1JXID0gz8jhIuXKaK5XcUQdjbqcpVhI/edit","true"
"base-069","Mercedes-Benz","S-Class","Turismo","2014","70000","Usado","Disponible","$30.000","WDDUG8CBXEA123456","2023-11-05","(64. 128. 255)","madrid","mercedes-s-class","/images/vehicles/mercedes-s-class.jpg","Por verificar","https://commons.wikimedia.org/wiki/File:Mercedes-Benz_S_500_(W222)_front_view.jpg","true"
"base-070","Mercedes-Benz","S-Class","Turismo","2014","70000","Usado","Disponible","$30.000","WDDRG8CBXEA123456","2023-11-05","(192. 128. 0)","barcelona","mercedes-s-class","/images/vehicles/mercedes-s-class.jpg","Por verificar","https://commons.wikimedia.org/wiki/File:Mercedes-Benz_S_500_(W222)_front_view.jpg","true"
"base-071","Chevrolet","Malibu","Turismo","2016","35000","Usado","Reservado","$16.900","1G1BE5SM6G7246789","2023-11-11","(192. 0. 128)","san-sebastian","","","Por verificar","https://docs.google.com/spreadsheets/d/1eWsdvriKPBOs1JXID0gz8jhIuXKaK5XcUQdjbqcpVhI/edit","true"
"base-072","Chevrolet","Malibu","Turismo","2016","35000","Usado","Reservado","$16.900","1G1BE5SM6G7267789","2023-11-11","(128. 192. 0)","malaga","","","Por verificar","https://docs.google.com/spreadsheets/d/1eWsdvriKPBOs1JXID0gz8jhIuXKaK5XcUQdjbqcpVhI/edit","true"
"base-073","Dodge","Charger","Turismo","2020","0","Nuevo","Vendido","$32.800","2C3CDXJG5KH123456","2023-12-20","(0. 192. 128)","madrid","","","Por verificar","https://docs.google.com/spreadsheets/d/1eWsdvriKPBOs1JXID0gz8jhIuXKaK5XcUQdjbqcpVhI/edit","true"
"base-074","Dodge","Charger","Turismo","2020","0","Nuevo","Vendido","$32.800","2C3CDXPG5KH123456","2023-12-20","(128. 0. 192)","barcelona","","","Por verificar","https://docs.google.com/spreadsheets/d/1eWsdvriKPBOs1JXID0gz8jhIuXKaK5XcUQdjbqcpVhI/edit","true"
"base-075","Honda","CR-V","Turismo","2017","25000","Usado","Disponible","$22.300","2HKRM4H73EH123456","2023-12-30","(0. 128. 192)","san-sebastian","","","Por verificar","https://docs.google.com/spreadsheets/d/1eWsdvriKPBOs1JXID0gz8jhIuXKaK5XcUQdjbqcpVhI/edit","true"
"base-076","Honda","CR-V","Turismo","2017","25000","Usado","Disponible","$22.300","2HKRM4H73EH12456","2023-12-30","(255. 192. 64)","malaga","","","Por verificar","https://docs.google.com/spreadsheets/d/1eWsdvriKPBOs1JXID0gz8jhIuXKaK5XcUQdjbqcpVhI/edit","true"
"base-077","Jeep","Grand Cherokee","Turismo","2016","50000","Usado","Disponible","$19.800","1C4RJFBG8EC123456","2024-01-08","(255. 64. 192)","madrid","","","Por verificar","https://docs.google.com/spreadsheets/d/1eWsdvriKPBOs1JXID0gz8jhIuXKaK5XcUQdjbqcpVhI/edit","true"
"base-078","Jeep","Grand Cherokee","Turismo","2016","50000","Usado","Disponible","$19.800","1C4RJWBG8EC123456","2024-01-08","(192. 255. 64)","barcelona","","","Por verificar","https://docs.google.com/spreadsheets/d/1eWsdvriKPBOs1JXID0gz8jhIuXKaK5XcUQdjbqcpVhI/edit","true"
"base-079","Nissan","Rogue","Turismo","2021","0","Nuevo","Reservado","$26.000","KNMAT2MTXHP123456","2024-02-14","(64. 255. 192)","san-sebastian","","","Por verificar","https://docs.google.com/spreadsheets/d/1eWsdvriKPBOs1JXID0gz8jhIuXKaK5XcUQdjbqcpVhI/edit","true"
"base-080","Nissan","Rogue","Turismo","2021","0","Nuevo","Reservado","$26.000","KNMAT2QTXHP123456","2024-02-14","(192. 64. 255)","malaga","","","Por verificar","https://docs.google.com/spreadsheets/d/1eWsdvriKPBOs1JXID0gz8jhIuXKaK5XcUQdjbqcpVhI/edit","true"
"base-081","Honda","Civic","Turismo","2012","80000","Usado","Disponible","$11.000","19XFB2F50CE123456","2024-03-03","(64. 192. 255)","madrid","","","Por verificar","https://docs.google.com/spreadsheets/d/1eWsdvriKPBOs1JXID0gz8jhIuXKaK5XcUQdjbqcpVhI/edit","true"
"base-082","Honda","Civic","Turismo","2012","80000","Usado","Disponible","$11.000","19XLB2F50CE123456","2024-03-03","(128. 192. 64)","barcelona","","","Por verificar","https://docs.google.com/spreadsheets/d/1eWsdvriKPBOs1JXID0gz8jhIuXKaK5XcUQdjbqcpVhI/edit","true"
"base-083","Chevrolet","Suburban","Turismo","2014","60000","Usado","Disponible","$28.500","1GNSCBE01ER123456","2024-04-21","(128. 64. 192)","san-sebastian","","","Por verificar","https://docs.google.com/spreadsheets/d/1eWsdvriKPBOs1JXID0gz8jhIuXKaK5XcUQdjbqcpVhI/edit","true"
"base-084","Chevrolet","Suburban","Turismo","2014","60000","Usado","Disponible","$28.500","1GNSCBW01ER123456","2024-04-21","(64. 128. 192)","malaga","","","Por verificar","https://docs.google.com/spreadsheets/d/1eWsdvriKPBOs1JXID0gz8jhIuXKaK5XcUQdjbqcpVhI/edit","true"
"base-085","Volvo","S60","Turismo","2018","40000","Usado","Reservado","$17.900","YV1MW382682123456","2024-05-09","(192. 128. 64)","madrid","","","Por verificar","https://docs.google.com/spreadsheets/d/1eWsdvriKPBOs1JXID0gz8jhIuXKaK5XcUQdjbqcpVhI/edit","true"
"base-086","Volvo","S60","Turismo","2018","40000","Usado","Reservado","$17.900","YV3MW382682123456","2024-05-09","(192. 64. 128)","barcelona","","","Por verificar","https://docs.google.com/spreadsheets/d/1eWsdvriKPBOs1JXID0gz8jhIuXKaK5XcUQdjbqcpVhI/edit","true"
"base-087","Tesla","Model S","Turismo","2020","0","Nuevo","Disponible","$75.000","5YJSA1H18FFP12345","2024-06-18","(64. 192. 128)","san-sebastian","tesla-model-s","/images/vehicles/tesla-model-s.jpg","Eléctrico","https://commons.wikimedia.org/wiki/File:Tesla_MODEL_S_front.jpg","true"
"base-088","Tesla","Model S","Turismo","2020","0","Nuevo","Disponible","$75.000","5YJSS1H18FFP12345","2024-06-18","(255. 128. 192)","malaga","tesla-model-s","/images/vehicles/tesla-model-s.jpg","Eléctrico","https://commons.wikimedia.org/wiki/File:Tesla_MODEL_S_front.jpg","true"
"base-089","GMC","Acadia","Turismo","2016","45000","Usado","Disponible","$23.800","1GNKRFKD6GJ123456","2024-07-02","(255. 192. 128)","madrid","","","Por verificar","https://docs.google.com/spreadsheets/d/1eWsdvriKPBOs1JXID0gz8jhIuXKaK5XcUQdjbqcpVhI/edit","true"
"base-090","GMC","Acadia","Turismo","2016","45000","Usado","Disponible","$23.800","1GNKRFKD6JJ123456","2024-07-02","(192. 255. 128)","barcelona","","","Por verificar","https://docs.google.com/spreadsheets/d/1eWsdvriKPBOs1JXID0gz8jhIuXKaK5XcUQdjbqcpVhI/edit","true"
"base-091","Honda","CR-V","Turismo","2017","35000","Usado","Reservado","$21.200","2HKRM4H36EH123456","2024-08-15","(128. 255. 192)","san-sebastian","","","Por verificar","https://docs.google.com/spreadsheets/d/1eWsdvriKPBOs1JXID0gz8jhIuXKaK5XcUQdjbqcpVhI/edit","true"
"base-092","Honda","CR-V","Turismo","2017","35000","Usado","Reservado","$21.200","2HKRM4H36LH123456","2024-08-15","(128. 192. 255)","malaga","","","Por verificar","https://docs.google.com/spreadsheets/d/1eWsdvriKPBOs1JXID0gz8jhIuXKaK5XcUQdjbqcpVhI/edit","true"
"base-093","Lincoln","Town Car","Turismo","2005","85000","Usado","Disponible","$10.500","1LNHM81W95Y123456","2024-09-04","(192. 128. 255)","madrid","","","Por verificar","https://docs.google.com/spreadsheets/d/1eWsdvriKPBOs1JXID0gz8jhIuXKaK5XcUQdjbqcpVhI/edit","true"
"base-094","Lincoln","Town Car","Turismo","2005","85000","Usado","Disponible","$10.500","1LNEM81W95Y123456","2024-09-04","(255. 128. 64)","barcelona","","","Por verificar","https://docs.google.com/spreadsheets/d/1eWsdvriKPBOs1JXID0gz8jhIuXKaK5XcUQdjbqcpVhI/edit","true"
"base-095","Ram","1500","Turismo","2013","75000","Usado","Disponible","$19.000","1C6RR7GT1DS123456","2024-10-23","(255. 64. 128)","san-sebastian","","","Por verificar","https://docs.google.com/spreadsheets/d/1eWsdvriKPBOs1JXID0gz8jhIuXKaK5XcUQdjbqcpVhI/edit","true"
"base-096","Ram","1500","Turismo","2013","75000","Usado","Disponible","$19.000","1C6RR7GV1DS123456","2024-10-23","(64. 255. 128)","malaga","","","Por verificar","https://docs.google.com/spreadsheets/d/1eWsdvriKPBOs1JXID0gz8jhIuXKaK5XcUQdjbqcpVhI/edit","true"
"base-097","Fiat","500X","Turismo","2017","20000","Usado","Vendido","$14.500","3C4PDCAB1HT123456","2024-11-11","(128. 255. 64)","madrid","","","Por verificar","https://docs.google.com/spreadsheets/d/1eWsdvriKPBOs1JXID0gz8jhIuXKaK5XcUQdjbqcpVhI/edit","true"
"base-098","Fiat","500X","Turismo","2017","20000","Usado","Vendido","$14.500","3C4PDCAM1HT123456","2024-11-11","(64. 128. 255)","barcelona","","","Por verificar","https://docs.google.com/spreadsheets/d/1eWsdvriKPBOs1JXID0gz8jhIuXKaK5XcUQdjbqcpVhI/edit","true"
"base-099","Mazda","CX-5","Turismo","2015","50000","Usado","Disponible","$16.700","JM1GJ1V62F1234567","2024-12-30","(128. 64. 255)","san-sebastian","","","Por verificar","https://docs.google.com/spreadsheets/d/1eWsdvriKPBOs1JXID0gz8jhIuXKaK5XcUQdjbqcpVhI/edit","true"
"base-100","Mazda","CX-5","Turismo","2015","50000","Usado","Disponible","$16.700","JM1GJ1H62F1234567","2024-12-30","(255. 128. 128)","malaga","","","Por verificar","https://docs.google.com/spreadsheets/d/1eWsdvriKPBOs1JXID0gz8jhIuXKaK5XcUQdjbqcpVhI/edit","true"
"lux-porsche-taycan-madrid","Porsche","Taycan","Berlina","","","Por completar","Disponible","","","","","madrid","","","Eléctrico","https://www.porsche.com/spain/","true"
"lux-porsche-taycan-barcelona","Porsche","Taycan","Berlina","","","Por completar","Disponible","","","","","barcelona","","","Eléctrico","https://www.porsche.com/spain/","true"
"lux-porsche-taycan-san-sebastian","Porsche","Taycan","Berlina","","","Por completar","Disponible","","","","","san-sebastian","","","Eléctrico","https://www.porsche.com/spain/","true"
"lux-porsche-taycan-malaga","Porsche","Taycan","Berlina","","","Por completar","Disponible","","","","","malaga","","","Eléctrico","https://www.porsche.com/spain/","true"
"lux-porsche-911-carrera-madrid","Porsche","911 Carrera","Coupé","","","Por completar","Disponible","","","","","madrid","","","Gasolina","https://compare.porsche.com/es-ES","true"
"lux-porsche-911-carrera-barcelona","Porsche","911 Carrera","Coupé","","","Por completar","Disponible","","","","","barcelona","","","Gasolina","https://compare.porsche.com/es-ES","true"
"lux-porsche-911-carrera-san-sebastian","Porsche","911 Carrera","Coupé","","","Por completar","Disponible","","","","","san-sebastian","","","Gasolina","https://compare.porsche.com/es-ES","true"
"lux-porsche-911-carrera-malaga","Porsche","911 Carrera","Coupé","","","Por completar","Disponible","","","","","malaga","","","Gasolina","https://compare.porsche.com/es-ES","true"
"lux-porsche-panamera-madrid","Porsche","Panamera","Berlina","","","Por completar","Disponible","","","","","madrid","","","Gasolina","https://compare.porsche.com/es-ES","true"
"lux-porsche-panamera-barcelona","Porsche","Panamera","Berlina","","","Por completar","Disponible","","","","","barcelona","","","Gasolina","https://compare.porsche.com/es-ES","true"
"lux-porsche-panamera-san-sebastian","Porsche","Panamera","Berlina","","","Por completar","Disponible","","","","","san-sebastian","","","Gasolina","https://compare.porsche.com/es-ES","true"
"lux-porsche-panamera-malaga","Porsche","Panamera","Berlina","","","Por completar","Disponible","","","","","malaga","","","Gasolina","https://compare.porsche.com/es-ES","true"
"lux-porsche-macan-madrid","Porsche","Macan Electric","SUV","","","Por completar","Disponible","","","","","madrid","","","Eléctrico","https://compare.porsche.com/es-ES","true"
"lux-porsche-macan-barcelona","Porsche","Macan Electric","SUV","","","Por completar","Disponible","","","","","barcelona","","","Eléctrico","https://compare.porsche.com/es-ES","true"
"lux-porsche-macan-san-sebastian","Porsche","Macan Electric","SUV","","","Por completar","Disponible","","","","","san-sebastian","","","Eléctrico","https://compare.porsche.com/es-ES","true"
"lux-porsche-macan-malaga","Porsche","Macan Electric","SUV","","","Por completar","Disponible","","","","","malaga","","","Eléctrico","https://compare.porsche.com/es-ES","true"
"lux-ferrari-roma-madrid","Ferrari","Roma","Coupé","","","Por completar","Disponible","","","","","madrid","","","Gasolina","https://www.ferrari.com/content/dam/ferrari-fcom/old/pdf/cs_reveal_ferrari_roma_gbr_.pdf","true"
"lux-ferrari-roma-barcelona","Ferrari","Roma","Coupé","","","Por completar","Disponible","","","","","barcelona","","","Gasolina","https://www.ferrari.com/content/dam/ferrari-fcom/old/pdf/cs_reveal_ferrari_roma_gbr_.pdf","true"
"lux-ferrari-roma-san-sebastian","Ferrari","Roma","Coupé","","","Por completar","Disponible","","","","","san-sebastian","","","Gasolina","https://www.ferrari.com/content/dam/ferrari-fcom/old/pdf/cs_reveal_ferrari_roma_gbr_.pdf","true"
"lux-ferrari-roma-malaga","Ferrari","Roma","Coupé","","","Por completar","Disponible","","","","","malaga","","","Gasolina","https://www.ferrari.com/content/dam/ferrari-fcom/old/pdf/cs_reveal_ferrari_roma_gbr_.pdf","true"
"lux-ferrari-296-gtb-madrid","Ferrari","296 GTB","Coupé","","","Por completar","Disponible","","","","","madrid","","","Híbrido enchufable","https://www.ferrari.com/content/dam/ferrari-fcom/old/pdf/CS_296_GTB_final_gbr.pdf","true"
"lux-ferrari-296-gtb-barcelona","Ferrari","296 GTB","Coupé","","","Por completar","Disponible","","","","","barcelona","","","Híbrido enchufable","https://www.ferrari.com/content/dam/ferrari-fcom/old/pdf/CS_296_GTB_final_gbr.pdf","true"
"lux-ferrari-296-gtb-san-sebastian","Ferrari","296 GTB","Coupé","","","Por completar","Disponible","","","","","san-sebastian","","","Híbrido enchufable","https://www.ferrari.com/content/dam/ferrari-fcom/old/pdf/CS_296_GTB_final_gbr.pdf","true"
"lux-ferrari-296-gtb-malaga","Ferrari","296 GTB","Coupé","","","Por completar","Disponible","","","","","malaga","","","Híbrido enchufable","https://www.ferrari.com/content/dam/ferrari-fcom/old/pdf/CS_296_GTB_final_gbr.pdf","true"
"lux-mercedes-eqs-madrid","Mercedes-Benz","EQS 450+","Berlina","","","Por completar","Disponible","","","","","madrid","","","Eléctrico","https://www.mercedes-benz.es/passengercars/models/saloon/eqs/overview.html","true"
"lux-mercedes-eqs-barcelona","Mercedes-Benz","EQS 450+","Berlina","","","Por completar","Disponible","","","","","barcelona","","","Eléctrico","https://www.mercedes-benz.es/passengercars/models/saloon/eqs/overview.html","true"
"lux-mercedes-eqs-san-sebastian","Mercedes-Benz","EQS 450+","Berlina","","","Por completar","Disponible","","","","","san-sebastian","","","Eléctrico","https://www.mercedes-benz.es/passengercars/models/saloon/eqs/overview.html","true"
"lux-mercedes-eqs-malaga","Mercedes-Benz","EQS 450+","Berlina","","","Por completar","Disponible","","","","","malaga","","","Eléctrico","https://www.mercedes-benz.es/passengercars/models/saloon/eqs/overview.html","true"
"lux-mercedes-eqs-suv-madrid","Mercedes-Benz","EQS SUV 450 4MATIC","SUV","","","Por completar","Disponible","","","","","madrid","","","Eléctrico","https://www.mercedes-benz.es/passengercars/models/suv/eqs/overview.html","true"
"lux-mercedes-eqs-suv-barcelona","Mercedes-Benz","EQS SUV 450 4MATIC","SUV","","","Por completar","Disponible","","","","","barcelona","","","Eléctrico","https://www.mercedes-benz.es/passengercars/models/suv/eqs/overview.html","true"
"lux-mercedes-eqs-suv-san-sebastian","Mercedes-Benz","EQS SUV 450 4MATIC","SUV","","","Por completar","Disponible","","","","","san-sebastian","","","Eléctrico","https://www.mercedes-benz.es/passengercars/models/suv/eqs/overview.html","true"
"lux-mercedes-eqs-suv-malaga","Mercedes-Benz","EQS SUV 450 4MATIC","SUV","","","Por completar","Disponible","","","","","malaga","","","Eléctrico","https://www.mercedes-benz.es/passengercars/models/suv/eqs/overview.html","true"
"lux-audi-rs-etron-gt-madrid","Audi","RS e-tron GT","Gran Turismo","","","Por completar","Disponible","","","","","madrid","","","Eléctrico","https://www.audi.es/es/modelos/e-tron-gt/rs-e-tron-gt/","true"
"lux-audi-rs-etron-gt-barcelona","Audi","RS e-tron GT","Gran Turismo","","","Por completar","Disponible","","","","","barcelona","","","Eléctrico","https://www.audi.es/es/modelos/e-tron-gt/rs-e-tron-gt/","true"
"lux-audi-rs-etron-gt-san-sebastian","Audi","RS e-tron GT","Gran Turismo","","","Por completar","Disponible","","","","","san-sebastian","","","Eléctrico","https://www.audi.es/es/modelos/e-tron-gt/rs-e-tron-gt/","true"
"lux-audi-rs-etron-gt-malaga","Audi","RS e-tron GT","Gran Turismo","","","Por completar","Disponible","","","","","malaga","","","Eléctrico","https://www.audi.es/es/modelos/e-tron-gt/rs-e-tron-gt/","true"
"lux-audi-s-etron-gt-madrid","Audi","S e-tron GT","Gran Turismo","","","Por completar","Disponible","","","","","madrid","","","Eléctrico","https://www.audi.es/es/modelos/e-tron-gt/s-e-tron-gt/","true"
"lux-audi-s-etron-gt-barcelona","Audi","S e-tron GT","Gran Turismo","","","Por completar","Disponible","","","","","barcelona","","","Eléctrico","https://www.audi.es/es/modelos/e-tron-gt/s-e-tron-gt/","true"
"lux-audi-s-etron-gt-san-sebastian","Audi","S e-tron GT","Gran Turismo","","","Por completar","Disponible","","","","","san-sebastian","","","Eléctrico","https://www.audi.es/es/modelos/e-tron-gt/s-e-tron-gt/","true"
"lux-audi-s-etron-gt-malaga","Audi","S e-tron GT","Gran Turismo","","","Por completar","Disponible","","","","","malaga","","","Eléctrico","https://www.audi.es/es/modelos/e-tron-gt/s-e-tron-gt/","true"
"lux-tesla-model-s-madrid","Tesla","Model S","Berlina","","","Por completar","Disponible","","","","","madrid","","","Eléctrico","https://www.tesla.com/es_es/models?redirect=no","true"
"lux-tesla-model-s-barcelona","Tesla","Model S","Berlina","","","Por completar","Disponible","","","","","barcelona","","","Eléctrico","https://www.tesla.com/es_es/models?redirect=no","true"
"lux-tesla-model-s-san-sebastian","Tesla","Model S","Berlina","","","Por completar","Disponible","","","","","san-sebastian","","","Eléctrico","https://www.tesla.com/es_es/models?redirect=no","true"
"lux-tesla-model-s-malaga","Tesla","Model S","Berlina","","","Por completar","Disponible","","","","","malaga","","","Eléctrico","https://www.tesla.com/es_es/models?redirect=no","true"
"lux-tesla-model-x-madrid","Tesla","Model X","SUV","","","Por completar","Disponible","","","","","madrid","","","Eléctrico","https://www.tesla.com/es_ES/modelx","true"
"lux-tesla-model-x-barcelona","Tesla","Model X","SUV","","","Por completar","Disponible","","","","","barcelona","","","Eléctrico","https://www.tesla.com/es_ES/modelx","true"
"lux-tesla-model-x-san-sebastian","Tesla","Model X","SUV","","","Por completar","Disponible","","","","","san-sebastian","","","Eléctrico","https://www.tesla.com/es_ES/modelx","true"
"lux-tesla-model-x-malaga","Tesla","Model X","SUV","","","Por completar","Disponible","","","","","malaga","","","Eléctrico","https://www.tesla.com/es_ES/modelx","true"
